{"train/loss": 2.0544, "train/learning_rate": 0, "train/epoch": 1.0, "train/global_step": 1, "_timestamp": 1684484103.7099197, "_runtime": 14.433558702468872, "_step": 0}