{"train/loss": 2.2584, "train/learning_rate": 0, "train/epoch": 0.33, "train/global_step": 2, "_timestamp": 1684486353.8090568, "_runtime": 22.503498792648315, "_step": 1, "_wandb": {"runtime": 30}}