{"train/loss": 1.7726, "train/learning_rate": 0, "train/epoch": 0.67, "train/global_step": 4, "_timestamp": 1684491885.0368729, "_runtime": 51.245656967163086, "_step": 5, "eval/train_eval_dataset_loss": 2.00390625, "eval/train_eval_dataset_example_acc": {"_type": "histogram", "values": [2, 0, 0, 0, 0, 0, 0, 0, 0, 3, 0, 0, 0, 9, 0, 0, 0, 0, 10, 0, 0, 0, 9, 0, 0, 0, 0, 11, 0, 0, 0, 4], "bins": [0.07692307978868484, 0.09375, 0.11057692766189575, 0.1274038553237915, 0.14423076808452606, 0.16105769574642181, 0.17788462340831757, 0.19471155107021332, 0.21153846383094788, 0.22836539149284363, 0.24519231915473938, 0.26201924681663513, 0.2788461744785309, 0.29567310214042664, 0.3125, 0.32932692766189575, 0.3461538553237915, 0.36298078298568726, 0.379807710647583, 0.39663463830947876, 0.4134615659713745, 0.4302884638309479, 0.44711539149284363, 0.4639423191547394, 0.48076924681663513, 0.4975961744785309, 0.5144230723381042, 0.53125, 0.5480769276618958, 0.5649038553237915, 0.5817307829856873, 0.598557710647583, 0.6153846383094788]}, "eval/train_eval_dataset_task_acc": [0.39423078298568726, 0.504807710647583, 0.3509615659713745], "eval/train_eval_dataset_all_acc": 0.416666716337204, "eval/train_eval_dataset_runtime": 3.2408, "eval/train_eval_dataset_samples_per_second": 14.811, "eval/train_eval_dataset_steps_per_second": 1.851, "eval/eval_dataset_loss": 0.759765625, "eval/eval_dataset_example_acc": [0.4615384638309479, 0.23076923191547394, 0.38461539149284363, 0.6153846383094788, 0.692307710647583, 0.38461539149284363, 0.38461539149284363, 0.4615384638309479, 0.5384615659713745, 0.4615384638309479, 0.5384615659713745, 0.5384615659713745, 0.38461539149284363, 0.4615384638309479, 0.5384615659713745, 0.4615384638309479], "eval/eval_dataset_task_acc": 0.4711538851261139, "eval/eval_dataset_all_acc": 0.4711538851261139, "eval/eval_dataset_runtime": 1.0942, "eval/eval_dataset_samples_per_second": 14.623, "eval/eval_dataset_steps_per_second": 1.828}