{"train/loss": 1.7968, "train/learning_rate": 0, "train/epoch": 0.5, "train/global_step": 3, "_timestamp": 1684489093.908059, "_runtime": 31.53828477859497, "_step": 4, "eval/train_eval_dataset_loss": 2.00390625, "eval/train_eval_dataset_accuracy": {"_type": "histogram", "values": [0, 0, 0, 0, 0, 0, 0, 0, 0, 0, 0, 0, 0, 0, 0, 0, 48, 0, 0, 0, 0, 0, 0, 0, 0, 0, 0, 0, 0, 0, 0, 0], "bins": [-0.5, -0.46875, -0.4375, -0.40625, -0.375, -0.34375, -0.3125, -0.28125, -0.25, -0.21875, -0.1875, -0.15625, -0.125, -0.09375, -0.0625, -0.03125, 0.0, 0.03125, 0.0625, 0.09375, 0.125, 0.15625, 0.1875, 0.21875, 0.25, 0.28125, 0.3125, 0.34375, 0.375, 0.40625, 0.4375, 0.46875, 0.5]}, "eval/train_eval_dataset_mean_acc": 0.0, "eval/train_eval_dataset_runtime": 3.1856, "eval/train_eval_dataset_samples_per_second": 15.068, "eval/train_eval_dataset_steps_per_second": 1.883, "eval/eval_dataset_loss": 0.759765625, "eval/eval_dataset_accuracy": [0.0, 0.0, 0.0, 0.0, 0.0, 0.0, 0.0, 0.0, 0.0, 0.0, 0.0, 0.0, 0.0, 0.0, 0.0, 0.0], "eval/eval_dataset_mean_acc": 0.0, "eval/eval_dataset_runtime": 1.0681, "eval/eval_dataset_samples_per_second": 14.98, "eval/eval_dataset_steps_per_second": 1.873}