{"train/loss": 2.2773, "train/learning_rate": 0, "train/epoch": 1.0, "train/global_step": 2, "_timestamp": 1684484883.4531376, "_runtime": 20.437076568603516, "_step": 1, "_wandb": {"runtime": 19}}