{"train/loss": 3.7422, "train/learning_rate": 2.385606273598312e-06, "train/epoch": 1.33, "train/global_step": 8, "_timestamp": 1684487526.5933092, "_runtime": 110.92821407318115, "_step": 13, "eval/train_eval_dataset_loss": 3.904296875, "eval/train_eval_dataset_accuracy": {"_type": "histogram", "values": [0, 0, 0, 0, 0, 0, 0, 0, 0, 0, 0, 0, 0, 0, 0, 0, 48, 0, 0, 0, 0, 0, 0, 0, 0, 0, 0, 0, 0, 0, 0, 0], "bins": [-0.5, -0.46875, -0.4375, -0.40625, -0.375, -0.34375, -0.3125, -0.28125, -0.25, -0.21875, -0.1875, -0.15625, -0.125, -0.09375, -0.0625, -0.03125, 0.0, 0.03125, 0.0625, 0.09375, 0.125, 0.15625, 0.1875, 0.21875, 0.25, 0.28125, 0.3125, 0.34375, 0.375, 0.40625, 0.4375, 0.46875, 0.5]}, "eval/train_eval_dataset_mean_acc": 0.0, "eval/train_eval_dataset_runtime": 3.2216, "eval/train_eval_dataset_samples_per_second": 14.9, "eval/train_eval_dataset_steps_per_second": 1.862, "eval/eval_dataset_loss": 1.2880859375, "eval/eval_dataset_accuracy": [0.0, 0.0, 0.0, 0.0, 0.0, 0.0, 0.0, 0.0, 0.0, 0.0, 0.0, 0.0, 0.0, 0.0, 0.0, 0.0], "eval/eval_dataset_mean_acc": 0.0, "eval/eval_dataset_runtime": 1.0614, "eval/eval_dataset_samples_per_second": 15.075, "eval/eval_dataset_steps_per_second": 1.884}