{"train/loss": 2.0479, "train/learning_rate": 0, "train/epoch": 0.33, "train/global_step": 2, "_timestamp": 1684490266.7303243, "_runtime": 20.808924198150635, "_step": 1, "_wandb": {"runtime": 21}}